workload,policy,trial,logical_bytes,flush_bytes,compaction_input_bytes,compaction_output_bytes,sst_write_amplification,compactions,sst_files,sst_records,sst_bytes,update_ops_s,write_p50_us,write_p99_us,flush_p99_us,read_p99_us
append,Full,0,2228224,2554808,40586124,40581408,19.3590,21,2,16384,2550092,25338.054,2.798,23.820,15426.062,54.449
append,SizeTiered,0,2228224,2554808,3831312,3826632,2.8639,21,2,16384,2550128,73542.266,2.793,25.682,7513.277,13.523
hot-set,Full,0,2228224,2554808,28045692,26786424,13.1680,21,2,8320,1295540,42485.780,2.744,23.295,6897.547,12.310
hot-set,SizeTiered,0,2228224,2554808,2087104,848240,1.5272,21,2,8448,1315944,97470.645,2.696,22.255,2498.127,12.230
delete-heavy,Full,0,1879296,2196705,24610874,23443066,13.6433,21,2,6638,1028897,42304.079,2.767,22.656,6194.325,11.741
delete-heavy,SizeTiered,0,1879296,2196705,2641773,2304700,2.3953,21,2,13338,1859632,81879.416,2.761,23.774,3255.044,22.486
append,SizeTiered,1,2228224,2554808,3831312,3826632,2.8639,21,2,16384,2550128,85033.706,2.781,22.793,5246.252,18.320
append,Full,1,2228224,2554808,40586124,40581408,19.3590,21,2,16384,2550092,31455.883,2.797,9.190,12252.871,12.526
hot-set,SizeTiered,1,2228224,2554808,2087104,848240,1.5272,21,2,8448,1315944,101818.140,2.706,22.626,2252.693,12.270
hot-set,Full,1,2228224,2554808,28045692,26786424,13.1680,21,2,8320,1295540,44173.160,2.734,23.923,6604.821,11.878
delete-heavy,SizeTiered,1,1879296,2196705,2641773,2304700,2.3953,21,2,13338,1859632,77723.447,2.766,22.913,5305.324,19.903
delete-heavy,Full,1,1879296,2196705,24610874,23443066,13.6433,21,2,6638,1028897,47083.049,2.748,18.582,6082.175,10.989
append,Full,2,2228224,2554808,40586124,40581408,19.3590,21,2,16384,2550092,31471.064,2.792,21.011,12271.202,16.853
append,SizeTiered,2,2228224,2554808,3831312,3826632,2.8639,21,2,16384,2550128,88511.254,2.771,22.828,3232.779,12.020
hot-set,Full,2,2228224,2554808,28045692,26786424,13.1680,21,2,8320,1295540,39057.173,2.756,28.375,9304.378,20.900
hot-set,SizeTiered,2,2228224,2554808,2087104,848240,1.5272,21,2,8448,1315944,85115.038,2.727,27.881,3046.477,12.970
delete-heavy,Full,2,1879296,2196705,24610874,23443066,13.6433,21,2,6638,1028897,33075.056,2.814,28.549,11256.208,11.173
delete-heavy,SizeTiered,2,1879296,2196705,2641773,2304700,2.3953,21,2,13338,1859632,85488.745,2.747,23.014,3932.663,18.725
